% Model,EMSI_model_V1_C_rate_0.5_T_ref_298_Permeability_1.9E-15_r_pos_7.mph
% Version,COMSOL 6.3.0.420
% Date,"Apr 11 2026, 17:02"
% Dimension,0
% Nodes,210
% Expressions,20
% Description,"Cell potential, Porosity anode, Porosity separator, Porosity cathode, Total strain anode, Total strain separator, Total strain cathode, Inelastic strain anode, Inelastic strain separator, Inelastic strain cathode, Elastic strain anode, Elastic strain separator, Elastic strain cathode, Average SOC anode, Average SOC cathode, SOL_graphite, SOL_silicon, Reservoir volume, Stack volume, Stack pressure"
% t,liion.cdc1.phis0 (V),aveop_an(dl.epsilon) (1),aveop_sep(dl.epsilon) (1),aveop_ca(dl.epsilon) (1),aveop_an(solid.evol) (1),aveop_sep(solid.evol) (1),aveop_ca(solid.evol) (1),aveop_an(solid.dvolic) (1),aveop_sep(solid.dvolic) (1),aveop_ca(solid.dvolic) (1),aveop_an(solid.eelvol) (1),aveop_sep(solid.eelvol) (1),aveop_ca(solid.eelvol) (1),liion.soc_average_pce1 (1),liion.soc_average_pce2 (1),sol_gr(liion.soc_average_pce1),sol_si(liion.soc_average_pce1),V_l_res (m^3),intop2(dl.epsilon*(1+solid.evol))*d_cell (m^3),boundary_load_dynamic (Pa)
0,2.6481583279777112,0.23600000000000013,0.4,0.2200000000000014,1.2800326577591534E-17,2.5233021760716945E-18,-1.3882955495716692E-18,1.0354544014303954E-17,0,-1.0964185248588295E-18,2.4440486532930874E-18,2.5233021760716945E-18,-2.7380910178923327E-19,0.002000000000001427,0.9419999999999905,3.0000000000044385E-4,9.518676588003401E-5,2.9377319999999995E-8,7.326475319999996E-7,8.415397789151907E-10
60,3.2113826686126137,0.23541634632577116,0.399762336857305,0.21987915656097984,7.12697239244687E-4,-3.9594837551983807E-4,-1.6415066590542705E-4,9.106625563235847E-4,0,-5.771138902335471E-6,-1.9796573036075541E-4,-3.9594837551983807E-4,-1.583793060829908E-4,0.00902236904362614,0.9361835176139212,0.011348858388103912,2.8063797210561376E-4,3.031253427584078E-8,7.317184819575552E-7,80710.20867600362
120,3.2961830308336264,0.2348145536870662,0.3995132712834863,0.21975279146814608,0.0014407033160170246,-8.105569692065062E-4,-3.3649895968346276E-4,0.0018461077212979901,0,-1.227507798882228E-5,-4.053644017524912E-4,-8.105569692065062E-4,-3.2422271492355307E-4,0.01610572475552142,0.9303163612701046,0.020258713493582745,3.9086546586035524E-4,3.1273030540855856E-8,7.307522817996771E-7,163574.3103783816
180,3.3544573747450066,0.23411094315619702,0.3992221956391302,0.21960500937421967,0.0022971382138747983,-0.0012946622361127693,-5.373538111241167E-4,0.002943973549178055,0,-1.9486084371467657E-5,-6.472034032691984E-4,-0.0012946622361127693,-5.178648355069838E-4,0.023189061687170144,0.924449200149488,0.027377061792795573,0.006947559185821,3.241049976583524E-8,7.296231282894452E-7,260857.24141520733
240,3.3977628150731944,0.2331892484988589,0.39883913293391227,0.21940992788610164,0.003416483577694165,-0.0019310422486045575,-7.998459327268931E-4,0.004382024508452214,0,-2.7423751837462118E-5,-9.655391514241814E-4,-0.0019310422486045575,-7.724168806900722E-4,0.030272333038302245,0.9185822220014499,0.030577992008607193,0.0290826088019654,3.3884507718448965E-8,7.281381500044669E-7,388395.70220894093
300,3.4285116505984683,0.23226115868776298,0.3984515033507175,0.21921297998243117,0.00454647512372163,-0.002574184160363217,-0.0010657895574005297,0.005833531529841863,0,-3.610771289125463E-5,-0.0012871224479087764,-0.002574184160363217,-0.0010296735876777414,0.037355640417522,0.9127151133133766,0.0330545746301627,0.05403601142448787,3.538198468973904E-8,7.266391710707805E-7,517077.90617747203
360,3.4485152735023297,0.2313060084871151,0.3980511828142769,0.2190099714420141,0.005712089553251289,-0.0032375130355544353,-0.0013405735829353186,0.0073308135176804404,0,-4.5556835412677704E-5,-0.001618754606240017,-0.0032375130355544353,-0.001295005165425093,0.04443879414864838,0.9068479607064752,0.03510032764242002,0.08065365051272765,3.692285059753851E-8,7.250931267169069E-7,649781.9525201273
420,3.4638061566859695,0.23034646131257042,0.3976475883113961,0.21880580044827613,0.006886027512636976,-0.0039053743162209996,-0.0016179545993787894,0.00883866138030048,0,-5.5789753045036556E-5,-0.0019527469187855073,-0.0039053743162209996,-0.0015621497797288953,0.05152214586009107,0.9009807493373871,0.0367680636762374,0.10874006593064597,3.847582840074758E-8,7.23536661718091E-7,783369.466291417
480,3.4784732590692795,0.22938117864408555,0.3972402895378908,0.21860015350906986,0.008069727738946784,-0.004578458638836077,-0.0018987268458013683,0.010359066275603328,0,-6.705468685293386E-5,-0.002289266525343507,-0.004578458638836077,-0.0018313822201842312,0.058605484471321884,0.8951135979807607,0.03837616094411858,0.13705691709618537,4.004128018289211E-8,7.219674167152037E-7,917999.511839976
540,3.493013118204537,0.22841878384548592,0.3968333349133887,0.21839728618338047,0.009255072233475856,-0.0052500663681753264,-0.0021841810410938565,0.0118799779807438,0,-8.355827458403028E-5,-0.002625012075720387,-0.0052500663681753264,-0.0021000338401542767,0.06568881801851845,0.8892464452932046,0.03973084288200841,0.1663571254077353,4.160232539716505E-8,7.204024523681719E-7,1052287.6427526819
600,3.5064105032676847,0.2274644223305137,0.39643041305039806,0.218202576114287,0.01043767464994817,-0.005914126482806134,-0.0024788540472251066,0.013394502611893257,0,-1.1242956882512397E-4,-0.002957082532603013,-0.005914126482806134,-0.0023656713763040623,0.07277215327873357,0.8833792856465956,0.041150337463574334,0.19539191794663718,4.314596017055736E-8,7.188551056899008E-7,1185092.894041903
660,3.516580199452329,0.22650430115481038,0.39602777008640594,0.2180208349437201,0.011639561873383103,-0.006576841838138851,-0.0027987837818147657,0.014927699546339341,0,-1.6753883298075917E-4,-0.003288359960298121,-0.006576841838138851,-0.0026307359616962673,0.07985548502140905,0.8775121200857224,0.042834047840089824,0.22343339405191637,4.468558017930388E-8,7.17311754818737E-7,1317623.1273513034
720,3.523946592572923,0.22553971291649594,0.3956262065696598,0.21785121009890937,0.012855379638345859,-0.007236901023595971,-0.0031418559004331775,0.016475342928652322,0,-2.468846997806866E-4,-0.0036183620308585765,-0.007236901023595971,-0.0028947603851725585,0.08693887996357466,0.8716446389744187,0.04422140364371066,0.2526017975294063,4.6221509978398275E-8,7.157720024293903E-7,1449649.7102268864
780,3.5297685803786445,0.22458233198991828,0.39522765196884746,0.2176898714165504,0.014075100465290464,-0.007891147643579599,-0.0034972389039647656,0.018021611595935544,0,-3.406346734271182E-4,-0.003945535441944311,-0.007891147643579599,-0.0031564585848674093,0.09402221365955221,0.8657774909721354,0.04550712763321406,0.28217411103172324,4.774058188999656E-8,7.142494656388124E-7,1580489.531955696
840,3.5356250549480475,0.2236331688458119,0.3948321074516803,0.21753353002210105,0.015290573470368935,-0.008539601038390916,-0.0038577899289401686,0.019560460673522604,0,-4.416940348154699E-4,-0.004269806353155851,-0.008539601038390916,-0.0034158403426656674,0.10110554861700512,0.859910334345902,0.04651764166886783,0.31279909980009396,4.9245679927902865E-8,7.127409077213438E-7,1710128.2258131376
900,3.5422951838346086,0.22269083809527596,0.39443952651614395,0.21738042481701217,0.016496527815704348,-0.009182358321312848,-0.004219192648351283,0.021089573976467275,0,-5.459545184666685E-4,-0.004591186945856127,-0.009182358321312848,-0.0036729489565829184,0.10818887750536547,0.8540431806200339,0.047423492917648566,0.343841943244201,5.0741337765882746E-8,7.112415458921744E-7,1838662.9766495468
960,3.5497608636391185,0.2217616261522212,0.39405128595253747,0.21723207155310018,0.017694141163069117,-0.009817190190927376,-0.004581977120922824,0.022604338604486143,0,-6.54952660892453E-4,-0.004908633020723705,-0.009817190190927376,-0.003926875925102185,0.11527221299549552,0.8481760213951286,0.04829898905529759,0.3750429220855302,5.221499807253795E-8,7.097643012147035E-7,1965569.2619443377
1020,3.557945602177437,0.22084727638544716,0.3936706192348789,0.21709306993259753,0.0188768519907043,-0.01043884834243171,-0.004950283582945896,0.02409909707616956,0,-7.749403937779096E-4,-0.005219423961352505,-0.01043884834243171,-0.0041755392626392045,0.12235554681621687,0.8423088664706262,0.049215750579507445,0.4061200458513692,5.365975830298491E-8,7.083157044957369E-7,2089881.0835446839
1080,3.5666465601497483,0.2199530234912324,0.3932969271311721,0.21695882004366338,0.02004323920478324,-0.011048357634714377,-0.0053164436549426285,0.025568554206059857,0,-8.974473490484988E-4,-0.005524160515707272,-0.011048357634714377,-0.004419343049414423,0.12943888287842473,0.836441710135127,0.05133495607290712,0.43231825631621945,5.5072143738767136E-8,7.068997422481358E-7,2211752.512082537
1140,3.5757481264612734,0.21905989625025504,0.3929223094540418,0.21682151526108398,0.02120482156824009,-0.011658623440384286,-0.0056775384866995845,0.02703550312658608,0,-0.001014429658448862,-0.005829313755544036,-0.011658623440384286,-0.0046634496061489904,0.13652222445753387,0.8305745553555833,0.052937791207717744,0.460706229611452,5.648907268810111E-8,7.054786346343992E-7,2333808.6692020963
1200,3.5853732594891596,0.21817888350810571,0.3925491945627342,0.21667987824215412,0.022354027308831483,-0.012265693008593337,-0.006026443409141071,0.02848621414430302,0,-0.0011204073699528669,-0.006132855440916479,-0.012265693008593337,-0.0049062816402136635,0.14360560232320224,0.824707386186175,0.05502678539483362,0.4871075502142202,5.789592616143847E-8,7.040681819485071E-7,2455231.1889912197
1260,3.5954753317313197,0.21729837221580997,0.39217378651834517,0.21653202697882995,0.02349715547554302,-0.012875741434587886,-0.006365507533158196,0.02993426762993329,0,-0.001215356165187317,-0.006437893687374559,-0.012875741434587886,-0.005150296602196427,0.15068894816575001,0.8188402189993624,0.057146883547908846,0.5134562514465986,5.931221495550752E-8,7.026477273766106E-7,2577231.8284194195
1320,3.60599467143341,0.21642730411620265,0.39180022186342667,0.21638273268650962,0.024629110193958217,-0.01348204675143503,-0.006697561564039167,0.031369156731552536,0,-0.0013048438044469214,-0.006741033656867356,-0.01348204675143503,-0.00539281866808099,0.15777227222874243,0.8129730670699626,0.05919640965428495,0.540097314505131,6.072003977757842E-8,7.01236258880119E-7,2698463.080100464
1380,3.6163566475023443,0.21556539749854672,0.39142883266537154,0.2162328539540527,0.025750822063395466,-0.01408408336113541,-0.007024007287044104,0.0327917229475277,0,-0.0013904299305044657,-0.0070420979961165545,-0.01408408336113541,-0.005633633249955962,0.16485559463383231,0.8071059114369992,0.0616381652305903,0.5650914617216746,6.211823491067219E-8,6.998344177873946E-7,2818884.680741725
1440,3.62632177396878,0.21470093366533238,0.39105444807353035,0.2160803638994794,0.02687730141242189,-0.014690232346383263,-0.007349397941090111,0.03422111229834604,0,-0.0014733588936792063,-0.007345087399050589,-0.014690232346383263,-0.005876092803914306,0.1719389313671185,0.8012387563226832,0.06509588719853487,0.5862808390507924,6.352545362887065E-8,6.984230870458006E-7,2940110.527472091
1500,3.636026544870838,0.213840058845839,0.39068037241166237,0.21592734624443133,0.027999713045199492,-0.01529513718771346,-0.00767251683120581,0.035646621200434325,0,-0.0015545234000638134,-0.0076475894897646765,-0.01529513718771346,-0.00611805479122076,0.17902227460082362,0.7953715930481965,0.06821766763924011,0.6089449887235631,6.493201977698065E-8,6.970132536768081E-7,3061121.0115382555
1560,3.6456687075492074,0.21296619451188567,0.39029887647780287,0.21577012032170068,0.029140966310862916,-0.015911276591223485,-0.007998951433118736,0.03709641914083437,0,-0.0016345075666992308,-0.007955643223513359,-0.015911276591223485,-0.006364508995695783,0.18610560480905194,0.7895044381826138,0.07219290958080579,0.627664468941031,6.636395408743204E-8,6.95577461650201E-7,3184382.769924191
1620,3.6549789222481057,0.21208152923939416,0.38991122520718496,0.21560927655588136,0.030296177347132223,-0.016536567935678845,-0.008327773895261292,0.038565663388186774,0,-0.001713202103711497,-0.008268273628614932,-0.016536567935678845,-0.006614627689067995,0.19318894122048605,0.7836372945100183,0.07719081041063916,0.6430409439407667,6.781861262630856E-8,6.941188995635516E-7,3309472.408532198
1680,3.66352753842313,0.2111957051636705,0.38952127115715857,0.21544647399428066,0.031454241273838654,-0.01716477252176545,-0.00865582407811297,0.04003936152615577,0,-0.0017899430400884603,-0.008582383523419827,-0.01716477252176545,-0.006865908910756967,0.20027227330291758,0.7777701481616166,0.08216893514833973,0.6582947836930264,6.928030163638791E-8,6.926534492552547E-7,3435103.218197383
1740,3.6713190943609555,0.21031800736757747,0.3891327270618717,0.21528392111704678,0.032607626065875965,-0.017789908018563085,-0.008981179887363414,0.04150500644155099,0,-0.001865275893693421,-0.008894960986921012,-0.017789908018563085,-0.00711596309182757,0.20735560667438105,0.7719029939265536,0.08691001905987829,0.6744485649038807,7.073192311642684E-8,6.911980509178684E-7,3560120.5552021246
1800,3.678708237189897,0.20944748367319316,0.3887481169896077,0.21512297650670245,0.03374093342650601,-0.018407931291368154,-0.009302620616553013,0.042953548008517035,0,-0.0019395097329307155,-0.009203968615701271,-0.018407931291368154,-0.0073631724429779775,0.21443893751530307,0.766035861453853,0.09152245043503009,0.6911221777170883,7.217684405660622E-8,6.89749163092458E-7,3683695.251038365
1860,3.6856548197304275,0.20860306438438467,0.3883715728687878,0.2149658635006086,0.03485584053012933,-0.019012240543184743,-0.00961778460048628,0.04437018125963086,0,-0.002012920189516125,-0.00950611666095859,-0.019012240543184743,-0.007604895963515571,0.22152224930912037,0.7601687027822036,0.09615482262259417,0.7077349997484204,7.357983464563891E-8,6.88342633135611E-7,3804487.8729181685
1920,3.692177609061916,0.20778256246872803,0.38800679609624383,0.214814400183513,0.03592953712816367,-0.01959695542764593,-0.009924216614548988,0.045742108149655535,0,-0.002085399731588557,-0.009798488295610992,-0.01959695542764593,-0.00783878206281187,0.2286055955827342,0.7543015386998455,0.10052463504931072,0.7252933455637365,7.494681180328487E-8,6.869719491590707E-7,3921366.1081870575
1980,3.698038535484972,0.20699744835414866,0.387656665839319,0.21466999331975872,0.036960670799844976,-0.020157537584768077,-0.010220004086338583,0.0470586770495235,0,-0.002156853240150681,-0.010078764721701411,-0.020157537584768077,-0.00806301525442451,0.23568893254079387,0.7484343909026993,0.1045811610907591,0.7441317066001524,7.625699098349656E-8,6.85658703039116E-7,4033387.964677957
2040,3.703307858699984,0.20625252922874412,0.38732395568488887,0.2145349544376875,0.03794353682545076,-0.020689635274320464,-0.01050542642243513,0.04831195090184764,0,-0.0022292773618463376,-0.01034487155042665,-0.020689635274320464,-0.00827585414568651,0.24277226791059753,0.7425672482424399,0.10865567955242565,0.762902929328998,7.749985554768832E-8,6.844130569197937E-7,4139698.753674787
2100,3.7080837100834065,0.20555529582567705,0.3870096540283867,0.21441097430310715,0.03888648151214555,-0.021191762010488724,-0.010781936196287558,0.04950078641041024,0,-0.002304913198738325,-0.010595836790701732,-0.021191762010488724,-0.00847670352837473,0.24985559528511464,0.7367000788652439,0.1126865612055324,0.7818244391503755,7.865806736465072E-8,6.832521553077458E-7,4240031.0230014995
2160,3.7127199049247825,0.20489159141155083,0.38671279008843773,0.21429824290269467,0.039778459846423996,-0.021665557716479843,-0.011051728007137138,0.0506298320674307,0,-0.0023852805820425873,-0.010832807207318943,-0.021665557716479843,-0.008666227589935835,0.25693892237564403,0.7308331395815016,0.11631256915089237,0.8022974010174119,7.975791485764762E-8,6.821492824282529E-7,4334686.63981956
2220,3.717228497727329,0.20426055835297424,0.38643167806661594,0.21419626378776185,0.04062966008123849,-0.022113790693137132,-0.011316636253078105,0.0517062004565392,0,-0.0024711311475382612,-0.011056873511612424,-0.022113790693137132,-0.008845509911277387,0.26402225330553813,0.7249660676443132,0.11985034610916853,0.8231443639554757,8.080048589575199E-8,6.811048224970528E-7,4424243.772416813
2280,3.7216611713660916,0.20366139657114002,0.38616387510785166,0.21410351640423042,0.04145255963195299,-0.02254042053164915,-0.011577885259523303,0.05273845780985074,0,-0.0025620245937405172,-0.011269947479453313,-0.02254042053164915,-0.009016151031528705,0.27110557847493955,0.7190989190084394,0.123851400200557,0.8421600738617467,8.178625340755715E-8,6.801185305992382E-7,4509498.172627392
2340,3.72604526279544,0.20308654077491214,0.3859058032471473,0.2140157890283745,0.04225155917158207,-0.02295119594839815,-0.011833481255047,0.053735736650784086,0,-0.0026533711649464053,-0.011475660337833806,-0.02295119594839815,-0.009180475934684941,0.278188903461384,0.7132317806595161,0.12789307061976496,0.8610522240618157,8.272848346412215E-8,6.79173680141922E-7,4591602.638291311
2400,3.730361003504352,0.20252723308845255,0.38565758262874916,0.21393128197048636,0.043009505562845836,-0.02334596543040898,-0.012078946491617105,0.05469437397586541,0,-0.0027409281240657925,-0.011673153092194676,-0.02334596543040898,-0.00933837145282655,0.2852722513208238,0.7073646210283999,0.13149672658863076,0.8818271513535103,8.365015798221684E-8,6.782497403750958E-7,4670544.293505337
2460,3.73464445049892,0.20197834314123506,0.38542071934896366,0.21384927486140956,0.04370675019639951,-0.023722374892643394,-0.012310291406443572,0.05560591054953682,0,-0.002821612940545294,-0.011861181064188903,-0.023722374892643394,-0.009488953203617496,0.29235557428236564,0.7014974639028289,0.1353426117956412,0.9012844328488328,8.456431435822655E-8,6.773332179325413E-7,4745797.211638877
2520,3.738923847327829,0.20146257669557593,0.3851945146353415,0.21376907082819627,0.04437537656534065,-0.02408157562944395,-0.012527095737233047,0.05647161924309064,0,-0.0028946064611568524,-0.01204064612522425,-0.02408157562944395,-0.009632641375997434,0.2994389189342269,0.6956303248960756,0.14013915354180165,0.9170903078729852,8.542341424405882E-8,6.764702636191096E-7,4817535.325697363
2580,3.743244435680326,0.2009880760796128,0.38497942572770716,0.2136924749838406,0.04502908898474846,-0.024422879987069702,-0.012732198052530565,0.05729331331262718,0,-0.002963116347919113,-0.012211478739606521,-0.024422879987069702,-0.009769153760495622,0.3065222038027193,0.6897631713742015,0.14544080041747215,0.9312006561321612,8.621348737228497E-8,6.756802423971382E-7,4885683.184826536
2640,3.7476856156906413,0.20054293489208588,0.38477381206445127,0.21361946610026336,0.04566488722615686,-0.02474892587016658,-0.012928313989350832,0.058079066613435655,0,-0.0030288303586108387,-0.012374549275346137,-0.02474892587016658,-0.009899571459198685,0.3136055023163371,0.6838959880414968,0.15090581335932995,0.9446348468417936,8.695043522240799E-8,6.749417015123707E-7,4950835.435580074
2700,3.752390520348142,0.2001126616289376,0.3845767976234258,0.21354992250601473,0.04626993415652326,-0.025061131381399347,-0.013116974729292347,0.05883280381959679,0,-0.0030926125971767102,-0.012530540087074318,-0.025061131381399347,-0.010024457595761491,0.3206888112736304,0.6780288861471778,0.15671373402568664,0.9565969060828794,8.766313651828515E-8,6.742263882186184E-7,5013277.905490027
2760,3.7574239230897066,0.19968551926778733,0.38438805448679436,0.21348399779811342,0.04683022191734534,-0.02536004206865082,-0.013299059663614103,0.059555353275430954,0,-0.0031551348712602176,-0.012680092208146225,-0.02536004206865082,-0.010144014386689028,0.3277721423805782,0.6721616932776957,0.16291864170550913,0.9672315387358561,8.837765368391477E-8,6.735108873051913E-7,5073034.758943249
2820,3.762603398959282,0.19927940683979575,0.38420617362208476,0.21342121704112368,0.04737752948287891,-0.025647911678455093,-0.01347610017003182,0.0602520353056693,0,-0.003216983377214167,-0.012823969495622463,-0.025647911678455093,-0.010259165233342237,0.3348554778050162,0.66629453127999,0.1695827267208825,0.975930549126586,8.905309961852613E-8,6.728326366211276E-7,5130536.704531043
2880,3.7679018591103626,0.198897853736085,0.38403119661218615,0.21336123838588134,0.04791666325693417,-0.02592469388011127,-0.013647443211000329,0.060922921188557286,0,-0.0032774752171664564,-0.012962400608304604,-0.02592469388011127,-0.010369885066354072,0.34193886704276677,0.6604273703106085,0.17688741005575542,0.9818785684076491,8.968672606517852E-8,6.721986843901476E-7,5185840.550292756
2940,3.773473634815589,0.19853234609655077,0.38386211480759114,0.21330360152227493,0.048442080067923186,-0.026192001567463822,-0.013813605663549774,0.0615716392688568,0,-0.0033365704594393265,-0.013095999569322602,-0.026192001567463822,-0.01047680071487248,0.3490222019398465,0.6545601682368628,0.18475553221583,0.9861718029890002,9.029121770661841E-8,6.715924342278316E-7,5239272.518593221
3000,3.779230977700958,0.19817070755321464,0.3836979247060922,0.21324896787843808,0.04894697493307829,-0.02645143541731553,-0.013977689712526931,0.06220405062569125,0,-0.0033967417114966125,-0.013225736651906487,-0.02645143541731553,-0.010580573950180618,0.3561054999794723,0.648693025118,0.19294294607064036,0.9887245258551468,9.088959904355716E-8,6.709917748086103E-7,5291172.115570673
3060,3.7849675117179373,0.19781164497429363,0.3835392410004633,0.21319884851354645,0.049427712947687295,-0.02670203738765172,-0.014141722635765533,0.06281887951619404,0,-0.0034604553148993872,-0.013351042287265243,-0.02670203738765172,-0.010680814880602992,0.36318894540035884,0.6428258892911287,0.20146970360112132,0.990416266635545,9.148519126001158E-8,6.703950889437984E-7,5341243.446231989
3120,3.790588972396467,0.19747128293184021,0.3833870547044614,0.21315476122938593,0.04990402964944309,-0.026942257118318064,-0.014307260435857408,0.0634152192425717,0,-0.003529885854407042,-0.013471154381538081,-0.026942257118318064,-0.010776902441989755,0.3702723110276353,0.636958730778386,0.21012833169825673,0.9911906027575856,9.204168171724886E-8,6.698364532683056E-7,5389245.053211907
3180,3.7963076293536995,0.19714541666848998,0.3832408143483497,0.2131172498697814,0.05037576096399653,-0.02717297973797764,-0.014476433752061535,0.06399648766237519,0,-0.003606801202199139,-0.013586501747962982,-0.02717297973797764,-0.010869191008914958,0.3773556501646978,0.6310915685834094,0.21894193946361126,0.991651998251713,9.25690876879397E-8,6.693089765591631E-7,5435350.831680078
3240,3.8022225210399907,0.19682544401572802,0.3830998041089702,0.21308646066087067,0.050837364298289625,-0.027395347240958552,-0.014650833186700152,0.06456638865147167,0,-0.0036923157241507045,-0.013697668927883794,-0.027395347240958552,-0.010958137745819843,0.3844389523974419,0.6252243847920281,0.2277585919034432,0.992061464753357,9.30792374348867E-8,6.687964927383542E-7,5479808.445720521
3300,3.8084015986655553,0.1965080468682357,0.382964282958977,0.21306231819571997,0.05128254978344003,-0.027608962908195527,-0.01483012421682481,0.06512364062716897,0,-0.0037861570181835255,-0.013804488397663515,-0.027608962908195527,-0.011043585520668975,0.3915221083164534,0.6193572399464535,0.23656519777292967,0.9924930571029262,9.358276382853858E-8,6.682918089519006E-7,5522523.838144833
3360,3.814745385065769,0.19620237850732816,0.38283445928891185,0.21304474496843964,0.05172056844515344,-0.027813509941269812,-0.015013610998412023,0.06566647035738386,0,-0.0038878232956404976,-0.013906754204719316,-0.027813509941269812,-0.011125400001790997,0.3986053713861869,0.6134900753897894,0.24538538435045754,0.9928664526628398,9.4060384872527E-8,6.67812783835826E-7,5563376.096378877
3420,3.821190472527236,0.19591225548506266,0.3827111169413315,0.21303400739177442,0.05215294814641039,-0.02800776549204929,-0.01520053168568939,0.06619262144116707,0,-0.0039970420281414875,-0.014003886721651622,-0.02800776549204929,-0.01120310669413361,0.40568870600408263,0.6076229188734118,0.25422270482894777,0.993096841912694,9.450583184500765E-8,6.6736690567417E-7,5602184.319911767
3480,3.8278036336867114,0.19563219288352188,0.3825939250261533,0.2130299957640697,0.05257445134892751,-0.02819226266329086,-0.015391205189891973,0.066703348970125,0,-0.004113924592981331,-0.014096230278932554,-0.02819226266329086,-0.011276933620405197,0.41277270730660337,0.601759582885844,0.26307679526101985,0.9932084436752464,9.492758006316665E-8,6.669433260401878E-7,5639052.103346508
3540,3.834744511057832,0.1953625782382114,0.38248330609531755,0.2130337899328117,0.052985408003932,-0.028366347642936763,-0.01558700138936241,0.06719853564237704,0,-0.004240180956066855,-0.014183114875649553,-0.028366347642936763,-0.011346539284158417,0.4198562219888936,0.5958932748774289,0.27194097684224233,0.9933079051668343,9.532610828973005E-8,6.665439041447903E-7,5673842.650924395
3600,3.8420424513952716,0.1951021204046134,0.38237871949595836,0.21304472006226438,0.053386082177112625,-0.028530881993519375,-0.01578793356710311,0.06767944139154386,0,-0.004375288385430924,-0.014265445483179663,-0.028530881993519375,-0.011412356398244575,0.426939532473341,0.5900260504120259,0.2808145694972153,0.9933966125422048,9.57030916168606E-8,6.661655945769027E-7,5706706.84121446
3660,3.849625203798447,0.19485438155390766,0.38228009501970306,0.21306264084236465,0.053781536831312295,-0.028685985769171345,-0.015993845605592322,0.06814631831865824,0,-0.004519030423831336,-0.014342992439720328,-0.028685985769171345,-0.011474382781892396,0.43402278470878564,0.5841588285838993,0.28969674053815697,0.993475544584346,9.605288073323646E-8,6.658155706041732E-7,5737683.128894758
3720,3.857449166406331,0.19461565147859222,0.3821872590869046,0.21308824450952255,0.054169863232224426,-0.02883194084210974,-0.01620576770826459,0.06860107562356285,0,-0.004672596429522712,-0.014415905227270502,-0.02883194084210974,-0.011532762694578171,0.44110610191040883,0.5782916600358204,0.29858662949745285,0.9935456790104314,9.637947151846473E-8,6.654877472133972E-7,5766853.738161942
3780,3.8654690027618077,0.1943825757400456,0.38210056174847384,0.2131230994943429,0.05454770954462292,-0.02896820532880733,-0.01642622134610089,0.06904438440153661,0,-0.004838803813753548,-0.014484139707491064,-0.02896820532880733,-0.011587260303775927,0.44818949484140586,0.5724245131746744,0.30748323509825815,0.9936079920468449,9.668899048772688E-8,6.65177054146094E-7,5794070.290450093
3840,3.8737625086865815,0.19416534105007918,0.3820212367797661,0.2131688962937221,0.054924798568948704,-0.029092848997647795,-0.01665724938929847,0.0694739078297936,0,-0.005020263730176342,-0.014546447708671386,-0.029092848997647795,-0.011637139651168232,0.4552729273285855,0.5665573336767823,0.3163854970341806,0.9936634595880406,9.696096426143475E-8,6.649049827034112E-7,5818931.652759973
3900,3.882234704386178,0.19397086593342094,0.38194825266925425,0.21321940262898711,0.05530122152915982,-0.029207501007888423,-0.01688755637170788,0.06988382561490165,0,-0.005204957686961546,-0.01460375482820105,-0.029207501007888423,-0.011683005146053641,0.4623563024677622,0.5606901366235988,0.3252922784691099,0.9937130572981603,9.718833804069308E-8,6.646776986041662E-7,5841807.271515724
3960,3.890880350723548,0.19379348479727623,0.381879100448313,0.21326702506571796,0.05566665531036467,-0.02931610845878757,-0.017105960344165123,0.07027226820066233,0,-0.005379874246164389,-0.014658113421008801,-0.02931610845878757,-0.011726464387658897,0.469439744979716,0.5548229835324947,0.33420272119803573,0.9937577624474604,9.738835938277169E-8,6.644754598655275E-7,5863491.955040343
4020,3.8995917407318927,0.19364672749927483,0.3818118679586485,0.21330675729507656,0.05603570858373371,-0.02942167753668403,-0.017304562060431877,0.07063717636067217,0,-0.00553610836488811,-0.014711094547098175,-0.02942167753668403,-0.011768683099515577,0.47652304986647953,0.5489558342663718,0.3431155522852075,0.993798550194694,9.754587854740764E-8,6.643200139231979E-7,5884460.202701552
4080,3.908336824532191,0.19351790624290013,0.3817413155660325,0.21333614246027108,0.056427151352327884,-0.029532434789113104,-0.01748666921127662,0.07100157802829433,0,-0.0056738159576464305,-0.014766800137049615,-0.029532434789113104,-0.011812986494306132,0.48360636785341665,0.5430886825526849,0.3520299463182537,0.9938363978814062,9.767357632496288E-8,6.641905039854959E-7,5906752.197000933
4140,3.91719355886673,0.19332692030383591,0.3816636823241325,0.21335734649039453,0.056761619050713016,-0.029654278734373377,-0.017663241116065907,0.07138248040997282,0,-0.005801602093177616,-0.014827151298213,-0.029654278734373377,-0.01186171619588147,0.49068975170732054,0.5372215154465332,0.3609449547174309,0.9938722821225462,9.792268601881155E-8,6.639300954460985E-7,5931247.4118421655
4200,3.9261295536080834,0.19312367632624539,0.3815866864885638,0.2133757927123577,0.057067066385070406,-0.02977509206212046,-0.017832869285908503,0.07175527066986129,0,-0.005922845507597711,-0.014887553376401134,-0.02977509206212046,-0.011910049186263606,0.49777309351414795,0.5313543560387198,0.36985942665657134,0.9939071787412325,9.823795378107961E-8,6.636389954568665E-7,5955503.290396357
4260,3.9351154860282365,0.19287235382921905,0.3815034473731764,0.2133895373438084,0.05733845798492115,-0.029905667812233337,-0.018002828613010502,0.07214744634465302,0,-0.006040598621357397,-0.014952803152319734,-0.029905667812233337,-0.011962270647131469,0.5048564419116528,0.5254872007312918,0.37877240834031073,0.9939420643640722,9.862459568488682E-8,6.632499783052432E-7,5981744.225350102
4320,3.9441434720368975,0.19258737725584482,0.38141437093184993,0.213399560286571,0.057592465564798925,-0.030045361659496794,-0.01817465349055794,0.07255745514772177,0,-0.006156598725279638,-0.01502253779820377,-0.030045361659496794,-0.012018136958124375,0.5119398493420297,0.5196200144980694,0.3876829507113825,0.9939779156425103,9.905449834478914E-8,6.627927530490308E-7,6009703.550218326
4380,3.9531846768895935,0.19232602491511397,0.38132685255950644,0.21340912962347497,0.057864502273984,-0.030182572882742384,-0.018343116760303913,0.07295919265249017,0,-0.006270124567880801,-0.015091312153326899,-0.030182572882742384,-0.012073042441077755,0.5190232763633068,0.5137528452203741,0.3965899890750761,0.9940157087983458,9.946750750333686E-8,6.623801324299665E-7,6037108.749648353
4440,3.9621780228139047,0.1920926501270705,0.3812372164153243,0.21341521604714217,0.05817723046804057,-0.030323064069136204,-0.01850778079023374,0.07336372761627855,0,-0.006378522211167884,-0.015161548888909342,-0.030323064069136204,-0.012129226098405176,0.5261066430286788,0.5078856645595561,0.40549240790663177,0.9940564197833296,9.984057130561283E-8,6.620210218872493E-7,6065142.100507802
4500,3.971033963445948,0.19185610554063998,0.3811405086538088,0.2134172636338914,0.05852285246969249,-0.030474593243797837,-0.01867583808907493,0.07379273421357876,0,-0.006485882611063871,-0.015236584163880655,-0.030474593243797837,-0.012189836987619067,0.5331900240282924,0.5020185007874668,0.4143892860975709,0.9941010253909506,1.0019819349978822E-7,6.61657503568613E-7,6095432.421245392
4560,3.9794041921534835,0.19168883488321628,0.38104095984881725,0.213419823655388,0.0589731576061317,-0.03063052453642282,-0.018849711617839732,0.07423095387902022,0,-0.006597304435833649,-0.015315274366854752,-0.03063052453642282,-0.012252208545289543,0.5402732720293512,0.4961513189658608,0.423279423746743,0.9941505009534746,1.0042529296776443E-7,6.614363108332446E-7,6126243.504507717
4620,3.9873291633245693,0.19149713427116818,0.38093867973394757,0.21342521954181148,0.05942940989615497,-0.03079068189619868,-0.019033979953310236,0.07469423968448549,0,-0.006717491918059595,-0.015395041156101071,-0.03079068189619868,-0.012316278182348487,0.5473565862270356,0.490284163289433,0.43216205596581314,0.9942058241533763,1.0067368791874307E-7,6.611760964376701E-7,6158640.217011673
4680,3.9950005412191847,0.1912676919652858,0.3808380773152646,0.21343709623214607,0.059835424068298226,-0.03094816054325359,-0.019228871034128167,0.07515744503299036,0,-0.006849447123098767,-0.015474088411224489,-0.03094816054325359,-0.01237925977309857,0.5544398967403597,0.48441700646978714,0.4410360800315648,0.994267970882854,1.0101520477040918E-7,6.60844167386072E-7,6190160.276960094
4740,4.002559049102081,0.19099456822721853,0.38073793510407883,0.21345442821232433,0.060197238639579174,-0.031104867930199637,-0.019434470113746202,0.07562959811368156,0,-0.006992416023350803,-0.015552410420039717,-0.031104867930199637,-0.012441947266971632,0.5615232692761181,0.4785498613627088,0.4499017956913755,0.9943374174742324,1.0143367078669555E-7,6.604308340760505E-7,6221663.775173585
4800,4.010041161067385,0.1906729082392116,0.38063419006222465,0.21347366116343164,0.060521258175436264,-0.031267159763363014,-0.019650075841041142,0.07611896992588371,0,-0.007143166634321599,-0.01563363382078422,-0.031267159763363014,-0.01250686423164394,0.5686066275337773,0.4726827220108999,0.4587618997839485,0.9944127145571096,1.0191632405281654E-7,6.599245086355222E-7,6254126.4290040955
4860,4.017411453023073,0.1903753399625372,0.3805348408652797,0.21349722857323403,0.06085776044664389,-0.03142252415530935,-0.01986740280742478,0.07659597727477183,0,-0.0072983924431352315,-0.015711285648084036,-0.03142252415530935,-0.012569009484251421,0.5756899473457149,0.46681551818997963,0.46761394176373305,0.9944934592349435,1.0237808119996891E-7,6.594676279997033E-7,6285156.795618336
4920,4.024746417260558,0.1901023262877951,0.38043600125665583,0.21352180695204423,0.06122511616116464,-0.0315770421270885,-0.020086088565993792,0.07707222231356377,0,-0.007455257619708209,-0.015788499223680193,-0.0315770421270885,-0.012630818846945254,0.5827732879829716,0.46094834429650644,0.4764550855698861,0.9945794016554959,1.0279765560943086E-7,6.590609831873643E-7,6315998.114958123
4980,4.0320525818648125,0.18984044726237212,0.3803314332589331,0.21354354012874086,0.06163695490651492,-0.03174046175058903,-0.020308394576490457,0.07756809008372409,0,-0.007612161944252684,-0.015870372727478804,-0.03174046175058903,-0.012696184156090747,0.5898566128609966,0.4550812056690182,0.485282375375403,0.9946702908737656,1.0316803789800095E-7,6.58679034425804E-7,6348584.853612635
5040,4.039401412625396,0.18964465830611263,0.38022490773964907,0.21356479330795675,0.06214488994573857,-0.03190688386230809,-0.020532898685036327,0.07807020396849468,0,-0.007770065274995421,-0.01595376405911628,-0.03190688386230809,-0.012762755921357356,0.5969400038290071,0.4492140288187126,0.4940845052170985,0.9947658774819607,1.0341199902052457E-7,6.58431849434981E-7,6381654.2839027755
5100,4.046826207745681,0.1894268278610923,0.3801168167529056,0.21358649975857222,0.0626430306748667,-0.03207569324294045,-0.020760911291647678,0.07858490314402697,0,-0.007930523311662344,-0.01603721258770792,-0.03207569324294045,-0.012830280838223596,0.6040233445622911,0.4433468679316375,0.5028651377048936,0.9948659094168434,1.0369587595348348E-7,6.581444873474283E-7,6415656.256370325
5160,4.054353288231246,0.18917959749641558,0.3800092274855468,0.2136102018291536,0.06310002374255898,-0.032243660515058066,-0.020992407462901583,0.07909805656115979,0,-0.008094727948853063,-0.016121889871344327,-0.032243660515058066,-0.012897541675793461,0.6111066755084135,0.43747972562964316,0.511666325936836,0.9949701366851786,1.0406241501130958E-7,6.577981796244152E-7,6449243.681716604
5220,4.062049352068393,0.18888958829894548,0.3798963091007292,0.21363372616505624,0.06353823479170675,-0.032419884848717224,-0.02123216849443215,0.07963580394509082,0,-0.008263983966634946,-0.016209767481264094,-0.032419884848717224,-0.012967957918623716,0.6181900091177578,0.43161256979591894,0.5204917421018913,0.9950783089566152,1.0447880311714703E-7,6.573714313878515E-7,6484649.104973328
5280,4.070028857445063,0.1885621003696285,0.3797816738349297,0.21365973364498045,0.06394320664383264,-0.032598722971063004,-0.02147993480191122,0.08018425550006325,0,-0.00844021054531324,-0.016299328758938907,-0.032598722971063004,-0.013039488885889206,0.6252733450839267,0.4257454137450203,0.5293303944381984,0.9951901757233294,1.0496104412482194E-7,6.568731215486944E-7,6520493.194508646
5340,4.078330442927139,0.18823772636687677,0.3796716284490398,0.21369236491490803,0.06433748867810268,-0.03277033841925127,-0.021733630402142774,0.08072317925841423,0,-0.008625340506212125,-0.01638514576179044,-0.03277033841925127,-0.013108148646431604,0.6323566797810337,0.41987825864087275,0.5381801386249523,0.9953054864215518,1.054692089868134E-7,6.563847540893635E-7,6554830.547037904
5400,4.086981670956217,0.18790725993918966,0.37955693411005925,0.21372750270177976,0.06475904443297914,-0.03294913902728532,-0.022000194442873055,0.08128526124862408,0,-0.00882051330723728,-0.016473837535031267,-0.03294913902728532,-0.013179680049360609,0.6394400108574354,0.41401110345750536,0.5470388319152297,0.995423990502321,1.0596271477745913E-7,6.558922401353667E-7,6590489.173882114
5460,4.096013158948933,0.18762866363743316,0.3794369164266776,0.21376227598563585,0.06528157923429638,-0.03313616743850718,-0.02227473597163428,0.08186906864024296,0,-0.009020404283844659,-0.016568273122017328,-0.03313616743850718,-0.013254460068760134,0.6465233433749232,0.40814394433700857,0.5559042995496727,0.9955454375417625,1.063394995331755E-7,6.555098092463478E-7,6627734.83979422
5520,4.105414370142865,0.1873418780737372,0.3793125171697343,0.21379404518187342,0.06581932262667095,-0.03332994763435786,-0.022550316415696426,0.08246992381958979,0,-0.009218584757101361,-0.016665223512601194,-0.03332994763435786,-0.013331977584930084,0.653606675342707,0.4022767852980811,0.5647749656967889,0.9956695769992502,1.067372157975808E-7,6.551127075736948E-7,6666625.784034658
5580,4.115074182526621,0.18703195974806502,0.3791809061767635,0.21381832584568491,0.06635366244928112,-0.03353487712176231,-0.022822477896768594,0.08308842053048929,0,-0.009408747070414662,-0.01676750322032154,-0.03353487712176231,-0.01341394299758875,0.6606900100698327,0.3964096257475813,0.5736504925804415,0.9957961584268088,1.0718744715152837E-7,6.546656821165657E-7,6707680.962066237
5640,4.1250458907610605,0.1866892405446196,0.3790393602479335,0.21383165965946135,0.0668822780172058,-0.033755179084628315,-0.023088557959857522,0.08373136252017091,0,-0.009586518545783488,-0.016877579517942932,-0.033755179084628315,-0.013502093290979232,0.6677733360122283,0.39054245486204486,0.5825306104953157,0.9959249311082928,1.0769293713286246E-7,6.541476076487987E-7,6751829.647230648
5700,4.135221537825542,0.18633725643278568,0.37889476344189216,0.21383888933517872,0.06740143725782302,-0.03398012577856394,-0.02334662826725787,0.0843761778349049,0,-0.009754476969192178,-0.016990114874914718,-0.03398012577856394,-0.013592039425082155,0.6748566067169571,0.3846754002244884,0.5914150059122587,0.9960556436665663,1.0824496494636198E-7,6.536048686533997E-7,6796870.297615641
5760,4.14553737127052,0.18598127555270338,0.3787436945611851,0.21384288667674642,0.06794623873401957,-0.03421502929599342,-0.0236087504932262,0.08504137768045948,0,-0.00992245544069103,-0.017107747128525187,-0.03421502929599342,-0.01368603162433662,0.6819399274313732,0.3788082606950806,0.6003035556040924,0.9961880475372469,1.0878753821315441E-7,6.530554224685507E-7,6843725.652029324
5820,4.155972617618515,0.18564273416730867,0.37859184127969664,0.21385144609833115,0.0685329671723196,-0.03445103730668044,-0.023881479017936393,0.08571916593263938,0,-0.010100664774720682,-0.01722582316915266,-0.03445103730668044,-0.013780442075858828,0.6890232568039784,0.3729411078582896,0.609195952498173,0.9963218914625587,1.092879534889194E-7,6.525492465752835E-7,6890946.6564793615
5880,4.166470697591467,0.185272565209448,0.3784421894723811,0.21387050749889036,0.06909210508092187,-0.034683510930779905,-0.0241719876910252,0.086406106223306,0,-0.010298250622833809,-0.017341720779229543,-0.034683510930779905,-0.013873408711537116,0.6961065843306165,0.3670739563487008,0.6180919281791123,0.9964569247395506,1.0985651504032224E-7,6.519918848503263E-7,6937551.39681246
5940,4.177101137831379,0.18487442173052548,0.3782883682977719,0.21389900699121328,0.06966535971986587,-0.03492234493151185,-0.024489276858793544,0.08712645173704778,0,-0.010520035113612646,-0.017461220080388192,-0.03492234493151185,-0.013968903752905966,0.703189919450401,0.3612068008641511,0.6269912392713071,0.9965928970425273,1.1044161482234242E-7,6.513954229458303E-7,6985344.447310968
6000,4.187627938576769,0.18446961865343814,0.3781346608801859,0.21393792833090408,0.070256260382107,-0.035160884336779906,-0.024828497877390606,0.08786424406707181,0,-0.01076372725738711,-0.01757987064704489,-0.035160884336779906,-0.014064362124702107,0.7102732525407025,0.35533964269651874,0.6358936184544153,0.9967295576807222,1.1103982089086528E-7,6.507998689094552E-7,7033073.248539589
6060,4.1978841262746736,0.1840777724670022,0.37797650600660143,0.2139861433017609,0.0709153203153836,-0.03540620264829341,-0.025195289751528748,0.0886358087818199,0,-0.011031982232956771,-0.017702449050365665,-0.03540620264829341,-0.014162811063271647,0.7173565854283024,0.34947248533135855,0.6447988127882305,0.9968666561818819,1.115915894344085E-7,6.502475574688416E-7,7081996.163744293
6072.550308021022,4.200006872693228,0.1839965333407733,0.3779428996838722,0.21399796683083067,0.0710615981583947,-0.03545831427167209,-0.025275461330877543,0.08880212371467708,0,-0.011091614206190158,-0.01772915697075495,-0.03545831427167209,-0.014183325693486579,0.7188382190997881,0.3482452353298434,0.6466618608182818,0.9968953653706782,1.1170072111062599E-7,6.5013666212109E-7,7092408.161367554
6072.550308021023,4.200006543413856,0.1839965333279349,0.3779428996834522,0.21399796683169428,0.07106159818192644,-0.035458314272322974,-0.02527546134508489,0.08880212374124902,0,-0.011091614215796795,-0.017729156974902717,-0.035458314272322974,-0.014183325698082849,0.718838219335896,0.34824523513427247,0.6466618611151793,0.9968953653752538,1.1170072112792587E-7,6.501366621035981E-7,7092408.163025207
6074.570308021022,4.1110001752168275,0.18399178744967717,0.3779389098304843,0.21399711920289152,0.07107007482860557,-0.035464500763322616,-0.025280346558366588,0.08881175963506664,0,-0.011094025059170134,-0.017732250358821373,-0.035464500763322616,-0.014185800287118076,0.718897440102314,0.3481961823355671,0.646736329274751,0.9968965130169577,1.117099974964682E-7,6.501275800962836E-7,7093088.554586445
6074.570308021023,4.110999827300201,0.18399178744835118,0.3779389098285011,0.2139971192017914,0.07107007483286597,-0.035464500766397844,-0.025280346559728054,0.08881175963896927,0,-0.011094025059168322,-0.017732250360647888,-0.035464500766397844,-0.014185800288483399,0.7188974401023135,0.3481961823355677,0.6467363292747502,0.9968965130169577,1.1170999750009348E-7,6.50127580092986E-7,7093088.55493429
6120,3.951046857065891,0.18426268397125595,0.3780413296279742,0.21394871371307186,0.0706044827891609,-0.0353056682045145,-0.025006759588476892,0.08826912739408285,0,-0.010884242717813866,-0.01765283435106603,-0.0353056682045145,-0.014122267166555878,0.7135931738659446,0.3525897309448979,0.6400671017865086,0.9967937757870091,1.1134538509586893E-7,6.504960436808952E-7,7060242.285624165
6180,3.923283633519779,0.184685346671076,0.3782214285578003,0.21391721145718548,0.06989031179168188,-0.03502624382065605,-0.02463891117289674,0.08743036841730563,0,-0.010628347825294175,-0.017513124313578918,-0.03502624382065605,-0.014010497429161077,0.7065098878700968,0.35845703063089174,0.6311634304462773,0.9966568796407952,1.1072509661814156E-7,6.511203680516303E-7,7004419.36143039
6240,3.9101733375861487,0.1850725891865386,0.37837822842342933,0.213885335092359,0.06927975367098675,-0.03478283625573009,-0.02430944973961652,0.08669164624530722,0,-0.010396280017819568,-0.017391418401008267,-0.03478283625573009,-0.01391313525539178,0.6994265566051527,0.36432418797398575,0.622262653203894,0.9965205535790826,1.1014730644880938E-7,6.516944674243859E-7,6955748.82505232
6300,3.8998090277059183,0.18545868559802056,0.37853231971801904,0.21386290292353147,0.06870836078817368,-0.034543513685369995,-0.024004404128511538,0.08598028159158287,0,-0.010186923999631208,-0.017271761902149206,-0.034543513685369995,-0.013817410414907413,0.6923429755201127,0.3701905080805024,0.6133647684593496,0.9963850442233873,1.0955681881134702E-7,6.522809241830786E-7,6907837.630439123
6360,3.8904212437185066,0.18587648287108297,0.37870726736669,0.21386260822375627,0.06809706448784593,-0.034271654657580634,-0.023710691537025406,0.08521532829887943,0,-0.01000197470373514,-0.01713582757413692,-0.034271654657580634,-0.01370866186722881,0.6852596430527695,0.37605766708245364,0.6044706575571812,0.9962506116234733,1.089005843653126E-7,6.529399231987203E-7,6853348.544380497
6420,3.8812560153679154,0.1863266280611986,0.3789024634653414,0.2138794786070592,0.06743956022767303,-0.03396814980079021,-0.02341892164498623,0.08439219451168573,0,-0.009831657560079714,-0.016984094470302035,-0.03396814980079021,-0.013587260130596125,0.6781762535669589,0.38192467836620153,0.595580191829489,0.9961175004489855,1.0817889761205194E-7,6.536666982461112E-7,6792594.665409792
6480,3.872394598661099,0.18677808308651245,0.37910068320036966,0.21390008353593362,0.06677296451221747,-0.03365974832536283,-0.023129665261825944,0.08356247273900819,0,-0.009665847415743991,-0.0168299647805938,-0.03365974832536283,-0.013463899340307896,0.6710929213738661,0.38779183832923053,0.5866937699859788,0.9959859633567432,1.0744683758016178E-7,6.543970889595961E-7,6730920.812033846
6540,3.86386624862055,0.18721582525253297,0.3792969698867268,0.21391715898208813,0.06609132016611076,-0.03335416028576148,-0.02283611927089707,0.08273526821021733,0,-0.009494589848677858,-0.016677083181956594,-0.03335416028576148,-0.013341666556083634,0.6640095883508769,0.3936589939936234,0.577811574296508,0.9958562497564002,1.0674362436761256E-7,6.550955530649206E-7,6669873.730494602
6600,3.85562220709395,0.1876435652098405,0.3794888954427103,0.213925926224797,0.06540165303593777,-0.03305517490539386,-0.022532478075990715,0.0819120685707842,0,-0.009310494958535254,-0.016527587237022905,-0.03305517490539386,-0.013222072215928032,0.6569262549000243,0.39952614851485446,0.5689338605010006,0.9957286101629772,1.060800084616884E-7,6.557648921486323E-7,6610131.983508083
6660,3.8477614051085425,0.18805503447236155,0.379671188517093,0.21392437816190102,0.06472525865550084,-0.032771023842645915,-0.02222319759007001,0.08111232157727045,0,-0.009114789370484839,-0.016385496131146742,-0.032771023842645915,-0.013108424434054626,0.6498429215272441,0.405393305189956,0.5600608844685733,0.9956032950929347,1.0545156999101717E-7,6.563952580917392E-7,6553337.6614187835
6720,3.840159125439932,0.1884730148584093,0.3798502763369633,0.21391909090687994,0.06406550562235176,-0.032491706298699276,-0.02191122863642442,0.08031854364863217,0,-0.008914466807244564,-0.01624582518206933,-0.032491706298699276,-0.012996686848527943,0.6427595881693019,0.4112604615101214,0.551192901354607,0.9954805550523,1.0480296237143218E-7,6.570349303413711E-7,6497416.2960368935
6780,3.832853941630305,0.18892070643147563,0.38004125922402926,0.21392065992810086,0.06338054331671533,-0.032193658538379154,-0.021593563533713184,0.07948326168716305,0,-0.008715926396878288,-0.016097562584940963,-0.032193658538379154,-0.01287745674403239,0.6356762553215046,0.4171276183670138,0.5423307463820424,0.9953606405565268,1.041046443754895E-7,6.577293255084671E-7,6437665.398529676
6840,3.8258775979859387,0.1894270684091945,0.38025728723749747,0.21393852854291115,0.06264490059907535,-0.031856303855828806,-0.021267658801232558,0.07856506026337254,0,-0.008524967833006804,-0.0159275102135276,-0.031856303855828806,-0.012742528961795717,0.628592922321157,0.42299477461598745,0.533476541808604,0.9952438021013346,1.033110644780873E-7,6.585353839992031E-7,6369966.4861427955
6900,3.81919012403146,0.19001476215264845,0.380485892818712,0.21396791971912693,0.061962347669365876,-0.0314990514142793,-0.020944455420802914,0.0776125522133136,0,-0.008344742210350526,-0.01574963441855436,-0.0314990514142793,-0.012599600981218881,0.621509588896847,0.42886193077244517,0.5246324273256172,0.9951302901897997,1.0234481513075232E-7,6.595072752772884E-7,6298417.954861966
6960,3.812630997927983,0.19053226318578562,0.38070793797326513,0.21399803529314484,0.061238862830401024,-0.031151798758876716,-0.020633803080763288,0.07669428740093737,0,-0.00817299134701302,-0.01557607493076745,-0.031151798758876716,-0.01246071714918539,0.6144262554445548,0.43472908786892667,0.5158005432265084,0.9950203553357805,1.0149892236658361E-7,6.603456029844946E-7,6229294.19149259
7020,3.806126194857219,0.19096941769267398,0.38091572834375775,0.21402362442880382,0.06048741277086558,-0.030826613301584586,-0.020337486465492195,0.07582742161749668,0,-0.00800672190944682,-0.01541001117683073,-0.030826613301584586,-0.012330690117422589,0.6073429217161975,0.4405962441942949,0.50698487267205,0.9949142480428746,1.0083113185718192E-7,6.610278724761994E-7,6164344.881809501
7080,3.799675007105261,0.19144227864094082,0.3810970192191767,0.21403803535753438,0.05992582219161835,-0.030542720318703163,-0.020061887562540612,0.07505463954803179,0,-0.007844727922125044,-0.015270870098512928,-0.030542720318703163,-0.012217109096025084,0.600259590105666,0.4464634003259627,0.49819963386719907,0.9948122188525387,1.000932079407389E-7,6.617948766659084E-7,6107462.177493142
7140,3.7931362490530804,0.19181419869943048,0.3812460164360304,0.2140377201079456,0.059418835227729436,-0.03030927309466703,-0.01980950873972186,0.07440471659812765,0,-0.007685792515290162,-0.01515452175956196,-0.03030927309466703,-0.012123708779779988,0.5931762682263318,0.4523305508499205,0.48941259194394193,0.9947145183706025,9.951760741972289E-8,6.623752094150353E-7,6061299.770479469
7200,3.7864145585362925,0.19202256404877915,0.3813491475865301,0.21401515394170945,0.05894178640322523,-0.03014762250433449,-0.019587646680750786,0.07391502254458855,0,-0.007528592910088098,-0.015073796009817682,-0.03014762250433449,-0.012059048736218544,0.5860929349250457,0.45819770675695504,0.480593953060463,0.9946213968136778,9.925215868540989E-8,6.626430722772914E-7,6029284.904308575
7260,3.7794329094236576,0.19218229596590808,0.38141323376973124,0.21397330389651945,0.05860680531382198,-0.030047144894629164,-0.01939106193792014,0.07355991366736683,0,-0.0073721519041228005,-0.015023575813621515,-0.030047144894629164,-0.01201885742621178,0.5790096015540322,0.46406486269216674,0.47175893954155823,0.9945331048492047,9.906399496406005E-8,6.628284177394784E-7,6009205.022350966
7320,3.771984360535208,0.192305119176484,0.3814560594259246,0.21392095553831686,0.058340070861902196,-0.029979989022368883,-0.0192082784840548,0.07328100550530793,0,-0.00721613964221545,-0.01499000863592698,-0.029979989022368883,-0.011992004589568518,0.5719262541592081,0.46993204034663016,0.4629116204404157,0.9944498928257631,9.894202368982958E-8,6.629491269471244E-7,5995882.659930598
7380,3.764041009517193,0.19239340861322193,0.3814830193097951,0.21386205423882174,0.058116600502641676,-0.029937707857590118,-0.01903836917578039,0.07305990079240175,0,-0.007063066395665182,-0.014968864323744158,-0.029937707857590118,-0.011975088713409056,0.5648429178010219,0.47579919954255123,0.4540549372152576,0.9943720115487645,9.888070959060918E-8,6.630088447307951E-7,5987493.212642036
7440,3.7556900971720415,0.19246686629957638,0.38150018285998827,0.2138011946391545,0.05793316600296511,-0.029910788354178392,-0.018880832148645728,0.07287761040932238,0,-0.006916221918876538,-0.014955458488024577,-0.029910788354178392,-0.011964325395098773,0.5577595841938892,0.481666354964137,0.44519178969433715,0.994299711419005,9.884050026477591E-8,6.630469209102071E-7,5982101.750339172
7500,3.7469237340362898,0.19253514350321557,0.3815129666614319,0.21374263340914512,0.05777868941150442,-0.029890737126235644,-0.018735265385942695,0.07271864821058444,0,-0.006778695838255618,-0.014945384818065373,-0.029890737126235644,-0.011956297550758775,0.5506762502266078,0.4875335094258203,0.4363220887854199,0.9942340407303975,9.880322817180117E-8,6.630831875223165E-7,5978100.231619635
7560,3.737788352460845,0.1925971439115925,0.38152365304792063,0.21368844762982991,0.05764162822308273,-0.029873975029967883,-0.018602257684654042,0.0725764179777959,0,-0.0066524915896159454,-0.014937010534892818,-0.029873975029967883,-0.011949584147953895,0.543592917024153,0.49340066665701715,0.42744333848986116,0.9941756410192992,9.877051969910306E-8,6.631156591137431E-7,5974752.929865627
7620,3.7283466868960558,0.1926535013787008,0.38153342253102984,0.2136389449333274,0.05751588373860409,-0.029858650631107066,-0.01848064130684527,0.07244639735233385,0,-0.0065371189925708326,-0.014929324818693131,-0.029858650631107066,-0.011943459873671373,0.5365095772303309,0.49926782398039793,0.4185565156483055,0.9941235460755863,9.874132855403916E-8,6.631446794552299E-7,5971693.137925196
7680,3.718639386165219,0.1927043936334324,0.38154207587405886,0.21359195653475813,0.05739735672838709,-0.029845076603071043,-0.01836621227129355,0.07232575946138325,0,-0.006428232791704781,-0.014922592585256186,-0.029845076603071043,-0.011938030620987474,0.529426238301918,0.5051349798839251,0.4096626446113679,0.9940767795871205,9.871839899899825E-8,6.631676859694485E-7,5968990.050796747
7740,3.70836053635786,0.19275348465163988,0.38154910388416946,0.21354479066233867,0.057286721624975855,-0.029834051865969657,-0.018254268202339524,0.07221181488236296,0,-0.006320761858537005,-0.014917026998577465,-0.029834051865969657,-0.011933623065179342,0.5223428925776588,0.5110021329711162,0.4007627307577397,0.9940343651334663,9.86971606800097E-8,6.631886056966921E-7,5966778.742511157
7800,3.697123593584897,0.19280743911357998,0.3815571203417598,0.21349671545163945,0.05717334197390521,-0.029821476259335525,-0.01813903460887606,0.07209194887756577,0,-0.006210498336072383,-0.014910734662336233,-0.029821476259335525,-0.011928583072862117,0.5152595597464746,0.5168692887389768,0.3918578138379135,0.9939953264528719,9.86690574485451E-8,6.632167026727151E-7,5964246.193989717
7860,3.6852261272268754,0.19287221802218185,0.381569084433528,0.21344834499254758,0.057046355489646525,-0.02980270729922598,-0.01801641879600078,0.07195400646662801,0,-0.006095348937979374,-0.014901354347780067,-0.02980270729922598,-0.011921093186267806,0.5081762272978724,0.5227364451315617,0.3829488931413657,0.9939586870941352,9.862441323596375E-8,6.632613596269665E-7,5960464.10909554
7920,3.67338131453107,0.19295142543482263,0.38158781103060235,0.21340243473844717,0.05689869182375555,-0.02977332803641528,-0.017887242986053337,0.07179031835644317,0,-0.005977994943979904,-0.014886653002813551,-0.02977332803641528,-0.011909331017093952,0.5010928734447184,0.5286035943541633,0.3740369562560151,0.9939234705777052,9.855553540369412E-8,6.633305292184786E-7,5954551.070282546
7980,3.662372075907007,0.19304582075345544,0.38161449280628185,0.21335961858101626,0.05672542772482134,-0.029731465200179264,-0.017751153163948413,0.07159704367409232,0,-0.0058587115812212525,-0.014865731292247964,-0.029731465200179264,-0.011892584449942654,0.4940095372682192,0.53447075395025,0.36512306735557903,0.9938887007234974,9.846100399625646E-8,6.634252549692125E-7,5946144.5343988715
8040,3.652278275014343,0.1931551918720722,0.38164855227413713,0.2133181605901646,0.056525412480335616,-0.02967802175541294,-0.017605380318714066,0.07137363202306309,0,-0.005734392179657799,-0.01483901164547531,-0.02967802175541294,-0.011871194962318168,0.48692620137875053,0.5403379126344955,0.35620821956873716,0.9938534010700629,9.83434576613708E-8,6.635431900697624E-7,5935425.006342231
8100,3.6428971862574206,0.19327806281602755,0.38168894192506686,0.21327596848742345,0.05629811330339709,-0.029614637851216364,-0.01744705323555316,0.07112101923716772,0,-0.00560158448761596,-0.014807422374072078,-0.029614637851216364,-0.011845844245565756,0.47984287087628025,0.5462050691000166,0.34729343431780535,0.9938165952712704,9.820713216703956E-8,6.636795144891082E-7,5922730.94262455
8160,3.6339265630945503,0.1934116520676686,0.3817361979409622,0.21323084612534524,0.0560304501523112,-0.02954046797147702,-0.017271260810774083,0.07083310225741321,0,-0.005455469022636416,-0.014770154311533043,-0.02954046797147702,-0.011816163118770418,0.47275953853311375,0.5520722231182775,0.3383797175086079,0.9937773069186788,9.806243314376458E-8,6.638244513238807E-7,5907874.681640465
8220,3.625234962900163,0.19357236766810643,0.38179039100031464,0.2131801656556456,0.05573558444139301,-0.029455396212644237,-0.01707260485501524,0.07050455145308508,0,-0.005290578714289072,-0.01472765760482078,-0.029455396212644237,-0.011782179618870979,0.4656761967285543,0.5579393771109636,0.3294680745585577,0.993734559589706,9.787957007383024E-8,6.64006748992615E-7,5890785.319811421
8280,3.616877065611504,0.19376942738174166,0.3818510263466826,0.21312480250739552,0.05543166920052816,-0.029360193737392987,-0.016853116735867996,0.07013940076770334,0,-0.005108876136777149,-0.014680120207506085,-0.029360193737392987,-0.011744126875030183,0.4585928577305724,0.5638065326883918,0.32055953591035535,0.9936873769786801,9.763986773577373E-8,6.64247123086476E-7,5871677.257270526
8340,3.6087366264409697,0.1939821416515303,0.38191860929923205,0.21307131571910762,0.05510657409314773,-0.029254060947430487,-0.01662559050537181,0.06974736420812758,0,-0.0049235706396224726,-0.014627044204330999,-0.029254060947430487,-0.011701643405737516,0.45150952498517993,0.5696736876475069,0.3116551208957603,0.9936347827436982,9.737374260392831E-8,6.645131399636595E-7,5850439.973726511
8400,3.6007879410211237,0.1941929403611672,0.3819952016588012,0.2130265826834881,0.05474197077255123,-0.029133751650084142,-0.016401265558893523,0.06933146005199574,0,-0.004747149809626723,-0.014567414998194963,-0.029133751650084142,-0.011653817984022171,0.4444261919258769,0.5755408436790471,0.3027558362578355,0.9935758004702113,9.709387458678107E-8,6.647769733486517E-7,5826419.713529511
8460,3.593049806365506,0.1944183220178666,0.3820818593512534,0.2129950191211505,0.054359604723798756,-0.02899759601734769,-0.016186315639899227,0.06889182479283844,0,-0.004586980344803303,-0.014498836779964636,-0.02899759601734769,-0.011599153732918888,0.4373428601535091,0.5814079998410169,0.293862699009125,0.9935094538008443,9.678046896358877E-8,6.650762353949385E-7,5799084.333019266
8520,3.5855607661461946,0.194670592672568,0.38217778736685376,0.212974402192611,0.05397974290333457,-0.028846830410956342,-0.015979643458738278,0.06843119667091621,0,-0.004440628907045257,-0.01442363255739078,-0.028846830410956342,-0.011538831610458775,0.43025952952545454,0.587275154418493,0.28497672396931056,0.993434766366454,9.641295897609169E-8,6.65434259534708E-7,5768857.591694527
8580,3.5782527614442032,0.19493877938123655,0.3822807431880052,0.21296078300148902,0.05359179951862255,-0.028684967433808207,-0.015775732909109916,0.06795202635034453,0,-0.004301519387640577,-0.014342415634669144,-0.028684967433808207,-0.011473990204690632,0.4231761995281759,0.5931423111290388,0.27609892549301673,0.993350761793512,9.601917677788245E-8,6.658257615627503E-7,5736443.724835738
8640,3.571153283052548,0.19520790371978974,0.38239180057627814,0.2129550646923878,0.05317179397239603,-0.028510306998687635,-0.015575011350016512,0.06745146213216865,0,-0.004170635659911936,-0.014255094512762098,-0.028510306998687635,-0.011404124248068151,0.4160928728386435,0.5990094672731934,0.26723032192911517,0.9932564637512487,9.562476905496364E-8,6.662205180315231E-7,5701515.9611004675
8700,3.564235383867323,0.19548635787470905,0.38251132708875973,0.2129579151114507,0.052727617594274225,-0.028322256927539854,-0.015377892914801307,0.06692751055555989,0,-0.004048768348385097,-0.014161128592697836,-0.028322256927539854,-0.01132890293858646,0.4090095324253764,0.6048766243302177,0.25837190697752016,0.9931508956168772,9.520962677513826E-8,6.666354143189727E-7,5663838.273561321
8760,3.55749569459303,0.19578704103680797,0.38263954917794285,0.2129694293496613,0.052276265026503184,-0.028120445218341773,-0.015184414156829154,0.06638028933939934,0,-0.003936019332278887,-0.014060138521215704,-0.028120445218341773,-0.011248174385013422,0.40192619991499157,0.6107437815846634,0.24952617976724673,0.9929974412791336,9.474886056013617E-8,6.670966996086158E-7,5623413.622958903
8820,3.550919539788385,0.19610876353140885,0.3827757902340438,0.21298878860688156,0.05181861176018394,-0.027905920384656096,-0.014994033905608153,0.06581139962086024,0,-0.003831406622986214,-0.013952923066659195,-0.027905920384656096,-0.011162370781739735,0.3948428428553629,0.6166109271649479,0.24069833308572117,0.9926805272521152,9.424408717544814E-8,6.676015549172803E-7,5580457.221009742
8880,3.5445301563041,0.19644513349399265,0.3829200394648379,0.2130154987629942,0.05134514780650618,-0.02767868265175885,-0.01480561301391344,0.06522009785994407,0,-0.0037338271191399014,-0.013839294060435513,-0.02767868265175885,-0.011071475474471614,0.38775951179700013,0.6224780816021833,0.23188565301107883,0.9922656514311169,9.371080670242946E-8,6.681363923856959E-7,5534984.326161901
8940,3.538336799783412,0.19679172658489325,0.38307189334042746,0.21304977853623078,0.05085248406315599,-0.027439350391092184,-0.014620169362191985,0.06460791840810313,0,-0.003644097253641158,-0.013719643845856519,-0.027439350391092184,-0.010975741232231703,0.3806761790013929,0.6283452340254053,0.22308238218792953,0.9918381256971961,9.315466206710629E-8,6.686929022528926E-7,5487071.31943666
9000,3.532291819455603,0.19714660616840698,0.38323174515814606,0.21309210078550359,0.05033732478254527,-0.027187285477475467,-0.014437967053490512,0.06397437264662843,0,-0.003562759192117741,-0.013593608514672536,-0.027187285477475467,-0.01087491381339163,0.3735928485162143,0.6342123893239245,0.21424945605867654,0.991427329758082,9.258015777981241E-8,6.692675916139039E-7,5436634.607635042
9060,3.526365617657693,0.19752019548913172,0.38339958432171806,0.21314242537812078,0.049812092855918914,-0.02692248492331234,-0.014258941947985368,0.06331871605051914,0,-0.0034897440283164246,-0.013461157454921113,-0.02692248492331234,-0.010768989310790095,0.3665095137604011,0.6400795473723987,0.20550478599596794,0.9908476514820229,9.196824921750948E-8,6.698810690878953E-7,5383612.947659237
9120,3.520516543110879,0.19790981663198803,0.38357490655945714,0.21319993941724544,0.04927556652729134,-0.02664572428910356,-0.014082280170357482,0.06264243443617933,0,-0.003423901325249365,-0.013322845099829722,-0.02664572428910356,-0.010658282630759634,0.359426179894778,0.6459467037268872,0.19691519586693168,0.9896384209077927,9.132066139737164E-8,6.705276318267088E-7,5328223.722757243
9180,3.514724803520647,0.1983174684618866,0.38375821912641894,0.21326375472944464,0.048723959911700865,-0.026356181850531006,-0.013905259310906505,0.06194141507576295,0,-0.003362819689723324,-0.013178034740501748,-0.026356181850531006,-0.010542468441591221,0.35234286048982255,0.6518138759759647,0.1885375990031177,0.9874760617560236,9.064131387161075E-8,6.712091085993191E-7,5270278.675388156
9240,3.508915618142761,0.19874006869287633,0.38394841619161907,0.2133320815653676,0.04815565114850751,-0.02605558319957266,-0.013726066152248854,0.06121719421380856,0,-0.0033039485808010463,-0.013027787680502103,-0.02605558319957266,-0.010422233177351156,0.3452595362490319,0.6576810340572551,0.18053047671875638,0.9841368937503728,8.993297076144037E-8,6.719179151540349E-7,5210103.131524633
9300,3.5031437316017304,0.19917389709956776,0.38414569075577276,0.21340397410243767,0.047563132267559795,-0.025743602683400105,-0.013542541364663223,0.06046807094029452,0,-0.00324518509824122,-0.012871740081886738,-0.025743602683400105,-0.010297442416627497,0.3381762105976914,0.6635481898259346,0.17291255147717172,0.9788958868975403,8.920654477703594E-8,6.726451693143163E-7,5147700.923876298
9360,3.497352076576696,0.19962194758200577,0.3843497804122949,0.21347872364041517,0.046948369224669786,-0.02542063399322517,-0.013353266735469303,0.059692796481642725,0,-0.0031850798924077926,-0.012710281676534626,-0.02542063399322517,-0.01016825639457097,0.33109288162525535,0.6694153443024279,0.1659780384595701,0.9716838921779861,8.845641955036448E-8,6.733957152281495E-7,5083067.879788759
9420,3.49148614797685,0.20009123265742743,0.3845617945755931,0.2135564075071716,0.04631314544894911,-0.02508489805474898,-0.01315645631119075,0.05888661309433084,0,-0.00312257275687991,-0.012542453261193593,-0.02508489805474898,-0.010033960624433553,0.32400954938206006,0.6752824987470096,0.15957342885886233,0.9616847303154574,8.767083548826248E-8,6.741823993933989E-7,5015858.437827547
9480,3.485565592104281,0.20058045777832959,0.384782309061505,0.21363770075700605,0.04565411756056571,-0.024735455905737423,-0.012952418763089163,0.05804849126918572,0,-0.0030583936695757334,-0.012367763989422898,-0.024735455905737423,-0.00989418088597883,0.31692621679950683,0.6811496556915011,0.15357876181390223,0.9504968163497526,8.685150599917415E-8,6.75003000042286E-7,4945926.936554652
9540,3.4795769212773306,0.20108190583320398,0.38500952105962166,0.2137220658781764,0.04497217192863679,-0.024375138314153135,-0.012743213236392275,0.057185607214997936,0,-0.0029934164259125475,-0.012187577036499952,-0.024375138314153135,-0.009750053035610638,0.3098428815992391,0.6870168297110462,0.14796758809289032,0.9376081482669845,8.601310549878765E-8,6.758432902553397E-7,4873848.186987175
9600,3.473494098707342,0.20159485572852892,0.38524049114478615,0.2138073978098883,0.0442799141430413,-0.024008588120698907,-0.012529141754491381,0.056306785319747095,0,-0.002926170591555046,-0.012004355332220681,-0.024008588120698907,-0.009603432714861304,0.30275954830696045,0.6928839835307321,0.14260951730205146,0.9238201476208,8.515632377141694E-8,6.767021138602276E-7,4800517.05531618
9660,3.46731134854601,0.20210896260471425,0.3854728383630149,0.21389144972416466,0.04357547706555049,-0.0236395744213123,-0.01231031392171696,0.05541962491793214,0,-0.0028549511790368232,-0.011819673157885902,-0.0236395744213123,-0.009455830396480992,0.29567623758181805,0.6987511531558749,0.13747788449150877,0.909005757834328,8.430201533602591E-8,6.775583409303599E-7,4726736.590532395
9720,3.461031538257699,0.20262486109042616,0.3857050566729513,0.2139729556249798,0.04286515414832621,-0.023270486536845297,-0.012086457900133829,0.05452770716159932,0,-0.002778587032265224,-0.011635210613853444,-0.023270486536845297,-0.009308195171092637,0.2885929575563871,0.7046183508466466,0.13321209527986566,0.8913979294441622,8.34476460326919E-8,6.784128003870828E-7,4652912.393316155
9780,3.454577993357495,0.20315144115094358,0.38593979015675295,0.2140530019307191,0.04214529358455506,-0.02289711732086714,-0.01185529404718635,0.053621193641850466,0,-0.002696503446774877,-0.011448571614559562,-0.02289711732086714,-0.009158846484217574,0.2815096353916763,0.7104855203338943,0.12961221604706075,0.8706586027127577,8.258072977105592E-8,6.792816012880063E-7,4578210.361600311
9840,3.4479236526436243,0.2036927769732164,0.38617848285887146,0.21413199624143417,0.041412595745642655,-0.02251715771531348,-0.011615101104627778,0.05269456034748704,0,-0.0026079415422187134,-0.011258571808900655,-0.02251715771531348,-0.009006873834007324,0.27442631296341236,0.7163526768816361,0.12578841908500105,0.8508626293642572,8.16899507882519E-8,6.801717120939342E-7,4502194.398230008
9900,3.4410012912100814,0.2042471097684809,0.38642410408469485,0.21421335283321316,0.040652308479252365,-0.022125860419993017,-0.011367104882289505,0.05173985182028451,0,-0.002516373475510962,-0.011063131294244044,-0.022125860419993017,-0.008850358850398693,0.26734296914699335,0.72221983648724,0.12167202005516158,0.8322491118062437,8.078165507015316E-8,6.810805763913226E-7,4423899.153714431
9960,3.4337186869207534,0.20482224113152728,0.38667900769502406,0.2143002950463459,0.03986685211707198,-0.02171944404829902,-0.011114492802763519,0.05075216020664874,0,-0.002426355429080588,-0.010859856569042524,-0.02171944404829902,-0.008687786855193367,0.26025963703121197,0.7280869928863369,0.11793840784901333,0.8122119920839894,7.98374774447525E-8,6.820253667917529E-7,4342550.713102695
10020,3.4260916222723643,0.20542720262955252,0.3869460395349376,0.21439591033021344,0.03905672828901274,-0.021293328068171528,-0.010858986394388667,0.04972432573549859,0,-0.002341416549733414,-0.010646694793551324,-0.021293328068171528,-0.008517332785866633,0.25317636056859194,0.7339541429531546,0.11444215905760362,0.791185210072428,7.883764685662399E-8,6.830250089260779E-7,4257250.408823662
10080,3.418034265754467,0.20606422590724643,0.38722964124847703,0.2145032697645371,0.038202293465574896,-0.020840364081780346,-0.010599572194552842,0.04864195209538984,0,-0.002263356577074252,-0.010420157015679186,-0.020840364081780346,-0.00833613652349685,0.24609304515051372,0.739821289486657,0.11057539319817437,0.7716690674583195,7.77792563759063E-8,6.840824301140652E-7,4166582.605734844
10140,3.409489169717666,0.2067509099557282,0.38753466313516305,0.21462359695966352,0.037294606109017324,-0.020352719969516708,-0.010330716430386242,0.047484641619536944,0,-0.0021896757662294083,-0.010176374302081051,-0.020352719969516708,-0.00814108540150144,0.23900975341226058,0.7456884052461815,0.10647432003499757,0.7529961524500276,7.663437237057725E-8,6.852276576644583E-7,4068914.6473055854
10200,3.4008075535046522,0.20748566825608059,0.38786231449148345,0.21475633867657778,0.036322941790638615,-0.01982835638285328,-0.01004921604515806,0.04624708852607532,0,-0.002117934981153993,-0.009914124771786376,-0.01982835638285328,-0.007931336911327058,0.23192643108791833,0.7515555638021116,0.10244512516322338,0.734045353493611,7.541002127447701E-8,6.864549100420124E-7,3963954.029193424
10260,3.392091268425188,0.20826033231263164,0.3882075166746834,0.21489826432909379,0.035300975245242394,-0.01927529743645974,-0.009756599952653376,0.044945192226908515,0,-0.0020465477325829736,-0.00963782756995767,-0.01927529743645974,-0.007710116075987637,0.22484309800816749,0.7574227296769281,0.09825783106294134,0.7157661555396345,7.411829320530807E-8,6.877486434406941E-7,3853234.5506889904
10320,3.3833964897989466,0.2090693910860584,0.3885676969846306,0.21504746651667475,0.03423454109996122,-0.018697575880567502,-0.009453178941905744,0.04358753505705239,0,-0.0019742079920006435,-0.00934882956439577,-0.018697575880567502,-0.00747903116920979,0.21775971291933213,0.7632898742049008,0.09370160120972121,0.6988817644836562,7.27699047412412E-8,6.890980784925258E-7,3737617.3644847176
10380,3.374540206616142,0.20991373515576825,0.3889422213060107,0.2152032465479017,0.03312644321186933,-0.018096124563161644,-0.00913844654233029,0.04217544030378992,0,-0.001900053142730241,-0.00904807351311308,-0.018096124563161644,-0.007238457019839503,0.2106762928764277,0.7691570025600876,0.0890747333705447,0.6822576515569483,7.136600323424634E-8,6.905040820814746E-7,3617284.106854644
10440,3.3656968346615828,0.2107732979771716,0.38932244494151597,0.21536163902898767,0.03199912546839466,-0.017484765999688984,-0.008818722851011937,0.040740305084252526,0,-0.0018249151603818182,-0.008742321268881302,-0.017484765999688984,-0.00699390678893591,0.2035928521611024,0.7750241163295982,0.08442271781965703,0.6657404086451812,6.993810966755839E-8,6.919314635551354E-7,3494970.6709547173
10500,3.357174106561978,0.2116452673774537,0.3897074677038008,0.21552212859717348,0.03085463141569174,-0.016864914639722235,-0.008494737997643362,0.03928579766673428,0,-0.001748847349735108,-0.008432335964430746,-0.016864914639722235,-0.0067459659059576835,0.19650951003791814,0.7808912756508607,0.07952847849138434,0.6501781675473792,6.849574245272994E-8,6.933751997835272E-7,3370999.947205714
10560,3.3487081396430356,0.21252153487634906,0.3900930356993061,0.21568240561313098,0.02970469562676301,-0.016243401196511166,-0.008168697955862935,0.03782616547167447,0,-0.001671404546944578,-0.008121702076546958,-0.016243401196511166,-0.006497360399813176,0.18942618576121717,0.7867584337272487,0.07455348240553569,0.6348511296492471,6.705024460716703E-8,6.948211292587318E-7,3246674.219303288
10620,3.339944540944108,0.21340034373821465,0.39047770272392845,0.21584156421142833,0.028556476207574413,-0.015622556466224048,-0.00784118351863006,0.03636739193248404,0,-0.001592232742167096,-0.007811127750399744,-0.015622556466224048,-0.00624902336140883,0.18234282826899936,0.7926255822847336,0.06983865321258914,0.6186408223432434,6.560492566332577E-8,6.962670434044161E-7,3122552.745545252
10680,3.3308206209770264,0.21427970778925481,0.3908609105600739,0.21599924409178498,0.027407534486088677,-0.015003287142549013,-0.007512374470857162,0.034909424952378164,0,-0.0015111583023119845,-0.007501657118999915,-0.015003287142549013,-0.006001318921956123,0.1752594697558531,0.7984927286992387,0.06660498431025101,0.5966958860096236,6.416427220698989E-8,6.977085682331225E-7,2998643.713566935
10740,3.3219459057400216,0.21515706803996112,0.3912423874420796,0.21615562389608003,0.026261487346422856,-0.014386040687547036,-0.007183101991426867,0.03345645869228011,0,-0.0014288435684790604,-0.007192981959677889,-0.014386040687547036,-0.005754416255439387,0.16817614195835184,0.8043598733339187,0.06319431729529182,0.5752103185589367,6.273037884214485E-8,6.991431593027822E-7,2875271.868861013
10800,3.3129723571407217,0.21603644281510578,0.39162110249638,0.2163097954210904,0.025124710961682978,-0.01377249730865901,-0.006853332661201252,0.032009052069429486,0,-0.0013445451270517757,-0.0068861979725828824,-0.01377249730865901,-0.005508998952982439,0.1610928268964171,0.8102270272609684,0.060249903332762665,0.552278976888385,6.129644680112847E-8,7.005780966248802E-7,2752541.9376134654
10860,3.3035313501108563,0.21690694984721237,0.391996858316823,0.21646111432644674,0.023984488169666432,-0.013162992724334426,-0.006521711981487731,0.03056810591244392,0,-0.0012569002424279757,-0.006581626351018155,-0.013162992724334426,-0.00526519853914155,0.15400949314333687,0.816094182537082,0.058067860768937204,0.5260870810574142,5.988428761342171E-8,7.019914701785969E-7,2630634.869003287
10920,3.293418642561624,0.21777628898229298,0.39236880768605803,0.21660801370275126,0.02285369440146869,-0.012558920135393293,-0.006186978397212812,0.02913544266526416,0,-0.0011638707724869186,-0.006279461921961526,-0.012558920135393293,-0.005023576659403309,0.14692617199271799,0.8219613378235157,0.05609632994742325,0.49917113394720414,5.8479104980107525E-8,7.033977494068827E-7,2509863.6285815006
10980,3.2825569999500175,0.21864349233742655,0.3927369903785046,0.21674957567010422,0.02172690771512234,-0.0119602361711797,-0.005847305220911183,0.027708479567890132,0,-0.0010635796131932464,-0.0059801156514783654,-0.0119602361711797,-0.00478410247731986,0.1398428806225766,0.8278284974824025,0.05379453354773716,0.4735259283606127,5.70849616869893E-8,7.047928425968775E-7,2390136.7960780347
11040,3.270517080526696,0.21951865541024287,0.3931058512309804,0.21688738108343605,0.02058927031691156,-0.011359721083991503,-0.005498368073368133,0.026269581905757216,0,-9.545728948964452E-4,-0.00567984277384498,-0.011359721083991503,-0.004543887700755439,0.13275953305426508,0.8336956538546406,0.05211570559643033,0.44548991412758476,5.568640852204716E-8,7.061923286815187E-7,2269990.6068573133
11100,3.2566539128520597,0.22040681750319366,0.39347817081867403,0.21702213069378196,0.019430491995368337,-0.010752834372354752,-0.005136598318620938,0.02480831785945947,0,-8.351735928899116E-4,-0.005376403821604037,-0.010752834372354752,-0.004301133785359482,0.12567619541957933,0.8395628107805734,0.05009937583868805,0.4186470980440882,5.42763464833331E-8,7.076031462788537E-7,2148619.5355602116
11160,3.2408859030709367,0.22131623843739123,0.3938571955857731,0.21715947221106507,0.0182502529706323,-0.010134252266160848,-0.00476711160526101,0.023317993207830318,0,-7.130837544330949E-4,-0.005067160701246346,-0.010134252266160848,-0.0040537012012916195,0.11859285613999203,0.8454299683052489,0.04867762964096019,0.3899580014397238,5.283624534828143E-8,7.090445542364205E-7,2024858.0694197104
11220,3.2246393230011097,0.22223585497383874,0.39424035351996695,0.21730139256922218,0.01706003592899233,-0.009508137854494152,-0.004399050795542397,0.021814895221315068,0,-5.956150965224729E-4,-0.004754070332463693,-0.009508137854494152,-0.003803255106787769,0.11150953147340721,0.8512971262247203,0.04783186721895713,0.35845826198885844,5.137910180639935E-8,7.105022017530472E-7,1899617.1008838394
11280,3.2066436526828213,0.22316948362829142,0.39462935254264964,0.21745075657117438,0.015859883578484717,-0.008871667761946866,-0.004036284609310778,0.02029596944498132,0,-4.8747518090549064E-4,-0.004435776238261945,-0.008871667761946866,-0.0035486682194499192,0.10442620455557648,0.8571642834374938,0.046952267956131284,0.32731517883785766,4.9897109158610365E-8,7.119851972279696E-7,1772276.6608841065
11340,3.1869371817167313,0.22411298040968264,0.39502306740966986,0.21760704175584633,0.014652467655905638,-0.008226648267713091,-0.0036800083057311433,0.018766330167385964,0,-3.890003368907624E-4,-0.004113693741947368,-0.008226648267713091,-0.0032906579664780545,0.09734284228086099,0.8630314430898773,0.04600746746032878,0.29641181241812153,4.839152328280481E-8,7.134864912432983E-7,1643267.5629379894
11400,3.1652903260844605,0.2250804088706706,0.39542562142779303,0.21776894778100425,0.01342064985297804,-0.0075662790487400315,-0.003320044462790471,0.01720373710364547,0,-2.9278916395469623E-4,-0.003783227006128927,-0.0075662790487400315,-0.0030265320023020272,0.09026107260532201,0.8688989706188709,0.044841739134284804,0.26640868994080474,4.685094530466832E-8,7.150248444276516E-7,1511155.1497789256
11460,3.1417138380660328,0.22604596331200463,0.3958276428441824,0.2179354904593653,0.01219689742498979,-0.0069059052701385525,-0.002969999834019967,0.01564971211199989,0,-2.0657597035770247E-4,-0.003452951619758953,-0.0069059052701385525,-0.002762362245553002,0.08317774585295666,0.8747661274072939,0.043516015506038515,0.2369836292132831,4.5313242096861395E-8,7.165625572272567E-7,1379067.3969996346
11520,3.1171098364221654,0.22700776181458876,0.3962295911600124,0.2181113705031104,0.010987414038174312,-0.006244772370138055,-0.0026377217623937996,0.014109631701288301,0,-1.3901951827242955E-4,-0.0031223331622627056,-0.006244772370138055,-0.0024979766320662525,0.07609440908581185,0.8806332812241088,0.041968725164326974,0.20843728186475624,4.3773694738137585E-8,7.181028971949893E-7,1246843.5596635204
11580,3.0924970901744837,0.2279638796943043,0.3966313230117819,0.21829801324409245,0.009795626531518966,-0.005583115355766152,-0.0023279372376431022,0.01258713053067607,0,-9.421299644891225E-5,-0.0027914959377295166,-0.005583115355766152,-0.002233346509797235,0.06901102535679181,0.8865004439399825,0.040316882230089196,0.1803041865715177,4.2231237063253365E-8,7.196446473022811E-7,1114505.038010908
11640,3.0668087133552806,0.228919633824299,0.39703515155526004,0.21849677296928693,0.008615175572903264,-0.004917116473259185,-0.0020393996503612526,0.011073836511140057,0,-7.245626969595343E-5,-0.002458588891429635,-0.004917116473259185,-0.0019668962446410085,0.06192782808658203,0.8923676159186877,0.039086703426814175,0.15050444844140848,4.067677941673953E-8,7.211969138966553E-7,981283.7541031924
11700,3.037842111343182,0.22988512719313625,0.3974431881042045,0.21870248881196547,0.007429976479836257,-0.004243271001697956,-0.0017583991295046426,0.009551494640962513,0,-6.105731299392377E-5,-0.0021216137356137757,-0.004243271001697956,-0.0016973096827354566,0.054844507515255235,0.8982347723459816,0.037542070395901045,0.12194535943532687,3.9104268209125754E-8,7.227677938340728E-7,846491.0339271055
11760,3.00337700582803,0.2308484024880045,0.39784912322805227,0.21890762823240448,0.0062502384392647305,-0.0035719897012073823,-0.0014793223815758928,0.008036186251318904,0,-5.0492504425704145E-5,-0.0017859658560689402,-0.0035719897012073823,-0.001428797603819028,0.047761225508899184,0.9041019286124933,0.03588155065960432,0.09383184726482278,3.754435740525594E-8,7.243319612684799E-7,712263.337642119
11820,2.9582571736584704,0.23180618371362052,0.39825117956197503,0.21911129281590258,0.005080733400468186,-0.0029062298798466705,-0.001203251007945337,0.006533519750033263,0,-4.0718332131751455E-5,-0.0014528516271100607,-0.0029062298798466705,-0.001162500311821352,0.04067791666810784,0.9099690847330988,0.03414034572738392,0.06603251656322562,3.5995334545404746E-8,7.258839579970144E-7,579103.5683432719
11880,2.898781459878216,0.23274865858579033,0.39864591445870856,0.21931169920633453,0.003932080327670742,-0.002251727465360802,-9.324372327392743E-4,0.0050579829455235665,0,-3.171361945146634E-5,-0.0011259149811210603,-0.002251727465360802,-9.00691244600294E-4,0.033594313652672236,0.915836246028053,0.03174457618138837,0.04076778919769314,3.448059775432138E-8,7.274082914115045E-7,448304.10016668175
11940,2.842988294609007,0.23367394735375727,0.39903174784384104,0.21950799125677917,0.002807317881065782,-0.0016111535387789571,-6.679511995794686E-4,0.0036128986478556283,0,-2.3457451546523252E-5,-8.055284147693334E-4,-0.0016111535387789571,-6.44461462571796E-4,0.026510804675744345,0.9217033824221165,0.029561372230668768,0.01463775871794788,3.298841924537171E-8,7.289013151984772E-7,320162.52837933187
12000,2.751236274161621,0.23450228928789865,0.39937694092611586,0.21968367020460433,0.0018057539154121473,-0.0010373545396330055,-4.309015743742621E-4,0.0023239372185994704,0,-1.5927778540123315E-5,-5.185717571657992E-4,-0.0010373545396330055,-4.1494184052651536E-4,0.019427640333526255,0.9275705265276111,0.024020748131956846,0.0016150878226097627,3.1663118049162906E-8,7.302373523957789E-7,205877.24058030918
12060,2.5826345605157424,0.2351296467536128,0.39963756184403815,0.21981585407593981,0.001046083712892459,-6.036989021292312E-4,-2.5061468462986357E-4,0.001347933347018518,0,-9.103731993920563E-6,-3.0184978015700224E-4,-6.036989021292312E-4,-2.4147957937679582E-4,0.012344440066608679,0.9334376790097402,0.015527551745996064,3.331979588400874E-4,3.066061629984005E-8,7.31246056460209E-7,119423.16191670053
12081.06660059556,2.499665317065297,0.23534029383849628,0.39972468289670526,0.21986007928767498,7.911683285711412E-4,-4.586513627284926E-4,-1.9036273811089675E-4,0.0010204932678760973,0,-6.871076688065271E-6,-2.293260047985138E-4,-4.586513627284926E-4,-1.8346056363646393E-4,0.009857430110965657,0.9354976952729918,0.012399246568063158,2.969765615498781E-4,3.0322705326097224E-8,7.315840834264352E-7,90414.44226949617
12081.066600595563,2.4996654867001875,0.23534029384470362,0.3997246829672986,0.2198600792948103,7.911682863292279E-4,-4.5865124518116874E-4,-1.90362728633251E-4,0.0010204932367988571,0,-6.871076480074623E-6,-2.293260159629907E-4,-4.5865124518116874E-4,-1.8346055436683858E-4,0.00985742987485444,0.9354976954685618,0.012399246271068792,2.969765566086849E-4,3.0322705294911086E-8,7.315840834576472E-7,90414.43951599837
12083.075248729343,2.691029198186155,0.23534738266052846,0.3997299462367492,0.21986278999061631,7.876635090200286E-4,-4.4988711473000707E-4,-1.868042999007026E-4,0.0010126061040895537,0,-6.8183664311425486E-6,-2.2494359899510275E-4,-4.4988711473000707E-4,-1.7995485874567994E-4,0.009797507256905584,0.9355473327583939,0.012323872131299322,2.957293225761213E-4,3.0306679843294556E-8,7.316001324697961E-7,89715.62013868922
12083.075248729345,2.6910299454710134,0.23534738266192723,0.3997299462371108,0.21986278999150002,7.876635108519086E-4,-4.49887114127451E-4,-1.868042987692127E-4,0.001012606104089076,0,-6.818366431193719E-6,-2.2494359716272117E-4,-4.49887114127451E-4,-1.7995485761416286E-4,0.009797507256907511,0.9355473327583875,0.012323872131301745,2.957293225761612E-4,3.030667983887903E-8,7.316001324742136E-7,89715.62013864286
